{"stats":{"minecraft:used":{"minecraft:wooden_axe":20,"minecraft:stone_pickaxe":1,"minecraft:oak_planks":7,"minecraft:spruce_planks":1,"minecraft:wooden_pickaxe":1,"minecraft:cobblestone":1,"minecraft:crafting_table":1,"quark:oak_chest":1,"epicfight:uchigatana":6},"minecraft:custom":{"minecraft:time_since_rest":343,"minecraft:interact_with_furnace":1,"champions:champion_mobs_killed":1,"minecraft:sprint_one_cm":47295,"lootr:looted_stat":3,"minecraft:damage_taken":989,"minecraft:walk_one_cm":116438,"minecraft:mob_kills":1,"minecraft:drop":5,"minecraft:damage_dealt":327,"minecraft:damage_dealt_absorbed":42,"minecraft:swim_one_cm":3990,"minecraft:interact_with_crafting_table":4,"minecraft:fly_one_cm":41571,"minecraft:open_barrel":3,"minecraft:open_chest":6,"minecraft:crouch_one_cm":458,"minecraft:play_time":32734,"minecraft:deaths":5,"minecraft:sneak_time":90,"minecraft:walk_under_water_one_cm":806,"minecraft:jump":154,"minecraft:walk_on_water_one_cm":380,"minecraft:time_since_death":1341,"minecraft:sleep_in_bed":1,"minecraft:total_world_time":32734,"minecraft:fall_one_cm":3529},"minecraft:killed_by":{"majruszsdifficulty:cursed_armor":2,"untamedwilds:bear":1,"minecraft:zombie":1},"minecraft:killed":{"minecraft:zombie":1},"minecraft:crafted":{"minecraft:air":164},"minecraft:mined":{"minecraft:spruce_stairs":1,"minecraft:spruce_planks":1,"treechop:chopped_log":2,"minecraft:bookshelf":8,"minecraft:grass_block":1,"minecraft:loom":1,"minecraft:stone":1,"immersive_weathering:oak_leaf_pile":1},"minecraft:picked_up":{"minecraft:book":24,"minecraft:birch_log":1,"minecraft:stick":44,"minecraft:wooden_pickaxe":1,"minecraft:spruce_stairs":1,"paraglider:spirit_orb":1,"minecraft:oak_log":39,"minecraft:loom":1,"minecraft:dirt":1,"minecraft:rotten_flesh":1,"minecraft:apple":3,"minecraft:spruce_planks":1,"minecraft:oak_sapling":18,"minecraft:cobblestone":1},"minecraft:dropped":{"minecraft:oak_sapling":1,"minecraft:apple":1,"minecraft:wooden_pickaxe":2,"minecraft:stick":22}},"DataVersion":2975}