{"stats":{"minecraft:used":{"minecraft:wooden_axe":9,"minecraft:crafting_table":1,"quark:oak_chest":1,"minecraft:wooden_pickaxe":1},"minecraft:custom":{"minecraft:time_since_rest":3507,"minecraft:open_chest":6,"minecraft:crouch_one_cm":458,"minecraft:play_time":20734,"minecraft:sprint_one_cm":26060,"minecraft:deaths":1,"minecraft:damage_taken":160,"minecraft:walk_one_cm":39046,"minecraft:sneak_time":34,"minecraft:drop":3,"minecraft:jump":49,"minecraft:time_since_death":3457,"minecraft:total_world_time":20734,"minecraft:fall_one_cm":836,"minecraft:interact_with_crafting_table":4,"minecraft:fly_one_cm":16700},"minecraft:crafted":{"minecraft:air":164},"minecraft:mined":{"minecraft:stone":1,"treechop:chopped_log":2,"immersive_weathering:oak_leaf_pile":1},"minecraft:picked_up":{"minecraft:birch_log":1,"minecraft:stick":44,"minecraft:apple":3,"paraglider:spirit_orb":1,"minecraft:oak_log":39,"minecraft:oak_sapling":18},"minecraft:dropped":{"minecraft:apple":1,"minecraft:oak_sapling":1,"minecraft:stick":22}},"DataVersion":2975}